{"cameraMode":{"drawMode":0,"name":"Shaded","section":"Shading Mode"},"sceneLighting":true,"audioPlay":false,"sceneViewState":{"m_AlwaysRefresh":false,"showFog":true,"showSkybox":true,"showFlares":true,"showImageEffects":true,"showParticleSystems":true,"showVisualEffectGraphs":true,"m_FxEnabled":true},"in2DMode":false,"pivot":{"x":1.5226263999938965,"y":2.114560127258301,"z":2.355005979537964},"rotation":{"x":0.05375782772898674,"y":0.8988757133483887,"z":-0.11523157358169556,"w":0.41933488845825198},"size":3.050062417984009,"orthographic":true}