{"cameraMode":{"drawMode":0,"name":"Shaded","section":"Shading Mode"},"sceneLighting":true,"audioPlay":false,"sceneViewState":{"m_AlwaysRefresh":false,"showFog":true,"showSkybox":true,"showFlares":true,"showImageEffects":true,"showParticleSystems":true,"showVisualEffectGraphs":true,"m_FxEnabled":true},"in2DMode":false,"pivot":{"x":-0.5890522003173828,"y":2.550323486328125,"z":-0.7379205226898193},"rotation":{"x":-0.08404754847288132,"y":-0.9090414047241211,"z":0.22390413284301759,"w":-0.34123292565345766},"size":1.6277323961257935,"orthographic":true}